DealID,Date,Symbol,Volume,Price,Profit,Commission,Swap,Comment
43540131,2025-10-08 03:42:28,XAUUSD-ECNc,0.01,3975.85,-3.09,-0.03,0.0,[sl 3975.93]
43540976,2025-10-08 03:42:55,XAUUSD-ECNc,0.01,3975.23,-3.17,-0.03,0.0,[sl 3975.35]
43570968,2025-10-08 04:09:51,XAUUSD-ECNc,0.01,3982.42,4.53,-0.03,0.0,[tp 3982.40]
43573168,2025-10-08 04:11:38,XAUUSD-ECNc,0.01,3983.27,4.71,-0.03,0.0,[tp 3983.26]
43577943,2025-10-08 04:14:25,XAUUSD-ECNc,0.01,3981.91,-3.19,-0.03,0.0,[sl 3981.92]
43595399,2025-10-08 04:42:56,XAUUSD-ECNc,0.01,3986.26,4.59,-0.03,0.0,[tp 3986.16]
43596717,2025-10-08 04:43:20,XAUUSD-ECNc,0.01,3986.79,4.43,-0.03,0.0,[tp 3986.82]
43602500,2025-10-08 04:50:24,XAUUSD-ECNc,0.01,3983.28,-3.17,-0.03,0.0,[sl 3983.45]
43602757,2025-10-08 04:50:27,XAUUSD-ECNc,0.01,3982.92,-3.07,-0.03,0.0,[sl 3983.04]
43609843,2025-10-08 04:58:40,XAUUSD-ECNc,0.01,3981.68,-3.02,-0.03,0.0,[sl 3981.72]
43611594,2025-10-08 04:59:50,XAUUSD-ECNc,0.01,3980.75,-3.06,-0.03,0.0,[sl 3980.81]
43615336,2025-10-08 05:00:27,XAUUSD-ECNc,0.01,3979.01,-2.95,-0.03,0.0,[sl 3978.98]
43632109,2025-10-08 05:09:58,XAUUSD-ECNc,0.01,3977.63,-2.99,-0.03,0.0,[sl 3977.63]
43650847,2025-10-08 05:30:57,XAUUSD-ECNc,0.01,3979.47,-3.26,-0.03,0.0,[sl 3979.65]
43671141,2025-10-08 06:14:48,GBPUSD-ECNc,0.1,1.34257,-4.8,-0.3,0.0,[sl 1.34255]
43671142,2025-10-08 06:14:48,GBPUSD-ECNc,0.1,1.34257,-5.0,-0.3,0.0,[sl 1.34256]
43677778,2025-10-08 06:36:34,GBPUSD-ECNc,0.1,1.34208,-4.8,-0.3,0.0,[sl 1.34207]
43677964,2025-10-08 06:38:51,GBPUSD-ECNc,0.1,1.34192,-5.0,-0.3,0.0,[sl 1.34192]
43679589,2025-10-08 06:43:45,GBPUSD-ECNc,0.1,1.34161,-5.1,-0.3,0.0,[sl 1.34162]
43691756,2025-10-08 07:44:53,GBPUSD-ECNc,0.1,1.34256,9.1,-0.3,0.0,[tp 1.34255]
43695179,2025-10-08 07:48:30,XAUUSD-ECNc,0.01,3985.9,4.62,-0.03,0.0,[tp 3985.91]
43696301,2025-10-08 07:52:31,XAUUSD-ECNc,0.01,3986.02,4.34,-0.03,0.0,[tp 3986.00]
43698014,2025-10-08 08:01:03,GBPUSD-ECNc,0.1,1.34169,-9.0,-0.3,-0.19,[sl 1.34209]
43698956,2025-10-08 08:44:50,GBPUSD-ECNc,0.1,1.34254,6.9,-0.3,-0.19,[tp 1.34275]
43699792,2025-10-08 09:01:48,XAUUSD-ECNc,0.01,3983.43,-3.06,-0.03,-0.49,[sl 3983.49]
43710963,2025-10-08 09:11:44,XAUUSD-ECNc,0.01,3989.03,4.54,-0.03,0.0,[tp 3988.99]
43713508,2025-10-08 09:15:40,XAUUSD-ECNc,0.01,3989.79,4.49,-0.03,-0.49,[tp 3989.80]
43767461,2025-10-08 10:47:54,XAUUSD-ECNc,0.01,3993.55,4.74,-0.03,0.0,[tp 3993.31]
43771821,2025-10-08 10:48:43,XAUUSD-ECNc,0.01,3994.81,4.49,-0.03,0.0,[tp 3994.79]
43792644,2025-10-08 11:06:07,EURUSD-ECNc,0.1,1.16469,-30.2,-0.3,-0.89,[sl 1.16469]
43795004,2025-10-08 11:11:17,EURUSD-ECNc,0.1,1.16464,-30.0,-0.3,-0.89,[sl 1.16464]
43807302,2025-10-08 11:27:36,XAUUSD-ECNc,0.01,3998.91,4.48,-0.03,0.0,[tp 3998.92]
43810332,2025-10-08 11:30:16,XAUUSD-ECNc,0.01,3995.72,-3.16,-0.03,0.0,[sl 3995.88]
43819898,2025-10-08 11:30:27,XAUUSD-ECNc,0.01,3991.73,-4.35,-0.03,0.0,[sl 3993.02]
43856736,2025-10-08 11:41:55,XAUUSD-ECNc,0.01,3996.48,5.01,-0.03,0.0,[tp 3996.34]
43879172,2025-10-08 11:55:41,XAUUSD-ECNc,0.01,3993.71,-2.79,-0.03,0.0,[sl 3993.50]
43888718,2025-10-08 12:00:01,EURUSD-ECNc,0.1,1.16438,-4.5,-0.3,0.0,[sl 1.16433]
43890194,2025-10-08 12:00:05,EURUSD-ECNc,0.1,1.16398,-7.0,-0.3,0.0,[sl 1.16418]
43893353,2025-10-08 12:00:40,XAUUSD-ECNc,0.01,3990.33,-3.29,-0.03,0.0,[sl 3990.52]
43895212,2025-10-08 12:00:44,XAUUSD-ECNc,0.01,3989.35,-3.52,-0.03,0.0,[sl 3989.90]
43908091,2025-10-08 12:04:07,XAUUSD-ECNc,0.01,3987.69,-3.24,-0.03,0.0,[sl 3987.80]
43960729,2025-10-08 12:25:39,EURUSD-ECNc,0.1,1.16356,-5.0,-0.3,0.0,[sl 1.16356]
43962154,2025-10-08 12:26:48,EURUSD-ECNc,0.1,1.16339,-5.1,-0.3,0.0,[sl 1.16340]
43977114,2025-10-08 12:27:21,EURUSD-ECNc,0.1,1.16303,-5.2,-0.3,0.0,[sl 1.16306]
43994627,2025-10-08 12:39:04,XAUUSD-ECNc,0.01,3991.96,-3.64,-0.03,0.0,[sl 3992.67]
43998588,2025-10-08 12:39:11,XAUUSD-ECNc,0.01,3991.17,-3.26,-0.03,0.0,[sl 3991.35]
44018759,2025-10-08 12:51:53,XAUUSD-ECNc,0.01,3997.27,4.8100000000000005,-0.03,0.0,[tp 3997.31]
44023394,2025-10-08 12:54:57,XAUUSD-ECNc,0.01,3998.31,4.5600000000000005,-0.03,0.0,[tp 3998.25]
44038772,2025-10-08 13:00:31,EURUSD-ECNc,0.1,1.16234,-5.7,-0.3,0.0,[sl 1.16240]
44039325,2025-10-08 13:00:36,EURUSD-ECNc,0.1,1.16216,-6.2,-0.3,0.0,[sl 1.16228]
44041621,2025-10-08 13:00:54,XAUUSD-ECNc,0.01,3996.1,-3.15,-0.03,0.0,[sl 3996.25]
44061439,2025-10-08 13:10:38,XAUUSD-ECNc,0.01,4000.96,4.68,-0.03,0.0,[tp 4000.87]
44065905,2025-10-08 13:11:29,XAUUSD-ECNc,0.01,4001.98,4.39,-0.03,0.0,[tp 4002.04]
44079719,2025-10-08 13:15:19,XAUUSD-ECNc,0.01,4005.64,4.57,-0.03,0.0,[tp 4005.60]
44085634,2025-10-08 13:17:53,EURUSD-ECNc,0.1,1.16179,-5.2,-0.3,0.0,[sl 1.16182]
44086118,2025-10-08 13:18:10,XAUUSD-ECNc,0.01,4002.17,-3.1,-0.03,0.0,[sl 4002.19]
44086467,2025-10-08 13:18:19,AUDUSD-ECNc,0.1,0.6558,-30.7,-0.3,-0.17,[sl 0.65587]
44086468,2025-10-08 13:18:19,AUDUSD-ECNc,0.1,0.6558,-30.6,-0.3,-0.17,[sl 0.65586]
44088183,2025-10-08 13:20:05,EURUSD-ECNc,0.1,1.16171,-4.8,-0.3,0.0,[sl 1.16171]
44108785,2025-10-08 13:48:46,EURUSD-ECNc,0.1,1.16265,8.7,-0.3,0.0,[tp 1.16267]
44109137,2025-10-08 13:49:55,XAUUSD-ECNc,0.01,4007.61,4.8100000000000005,-0.03,0.0,[tp 4007.25]
44114299,2025-10-08 13:50:35,XAUUSD-ECNc,0.01,4008.73,4.51,-0.03,0.0,[tp 4008.72]
44139919,2025-10-08 14:05:32,XAUUSD-ECNc,0.01,4013.72,4.75,-0.03,0.0,[tp 4013.50]
44141830,2025-10-08 14:06:14,EURUSD-ECNc,0.1,1.16221,-4.5,-0.3,0.0,[sl 1.16219]
44142457,2025-10-08 14:06:44,XAUUSD-ECNc,0.01,4013.98,4.51,-0.03,0.0,[tp 4013.97]
44148323,2025-10-08 14:11:21,XAUUSD-ECNc,0.05,4012.3,-10.3,-0.15,0.0,[sl 4012.36]
44149846,2025-10-08 14:11:47,XAUUSD-ECNc,0.05,4011.06,-11.4,-0.15,0.0,[sl 4011.37]
44156899,2025-10-08 14:16:01,EURUSD-ECNc,0.1,1.16184,-5.0,-0.3,0.0,[sl 1.16184]
44157122,2025-10-08 14:16:17,XAUUSD-ECNc,0.05,4011.54,-10.1,-0.15,0.0,[sl 4011.57]
44162208,2025-10-08 14:23:18,XAUUSD-ECNc,0.05,4010.45,-10.05,-0.15,0.0,[sl 4010.46]
44174587,2025-10-08 14:29:00,EURUSD-ECNc,0.1,1.16211,1.9,-0.3,0.0,
44174597,2025-10-08 14:29:02,AUDUSD-ECNc,0.1,0.65631,3.6,-0.3,0.0,
44174609,2025-10-08 14:29:06,AUDUSD-ECNc,0.1,0.6563,4.0,-0.3,0.0,
44174626,2025-10-08 14:29:12,GBPUSD-ECNc,0.1,1.33936,-38.4,-0.3,0.0,
44174634,2025-10-08 14:29:13,GBPUSD-ECNc,0.1,1.33933,-43.6,-0.3,0.0,
44197715,2025-10-08 14:50:34,XAUUSD-ECNc,0.05,4016.51,22.25,-0.15,0.0,[tp 4016.50]
44199906,2025-10-08 14:51:53,XAUUSD-ECNc,0.05,4014.17,-11.25,-0.15,0.0,[sl 4014.28]
44207833,2025-10-08 14:56:18,XAUUSD-ECNc,0.05,4012.22,-10.3,-0.15,0.0,[sl 4012.27]
44209045,2025-10-08 14:56:29,XAUUSD-ECNc,0.05,4011.66,-9.65,-0.15,0.0,[sl 4011.65]
44209655,2025-10-08 14:56:36,EURUSD-ECNc,0.1,1.16236,3.2,-0.3,0.0,
44253043,2025-10-08 15:21:30,EURUSD-ECNc,0.1,1.16193,-5.1,-0.3,0.0,[sl 1.16193]
44254513,2025-10-08 15:26:58,EURUSD-ECNc,0.1,1.16204,0.1,-0.3,0.0,
44254579,2025-10-08 15:27:00,GBPUSD-ECNc,0.2,1.33933,0.4,-0.6,0.0,
44254632,2025-10-08 15:27:02,EURUSD-ECNc,0.1,1.16197,0.8,-0.3,0.0,
44254707,2025-10-08 15:27:08,AUDUSD-ECNc,0.2,0.6564,1.0,-0.6,0.0,
44254710,2025-10-08 15:27:10,GBPUSD-ECNc,0.2,1.33932,1.2,-0.6,0.0,
44254724,2025-10-08 15:27:15,AUDUSD-ECNc,0.2,0.65642,2.4,-0.6,0.0,
44270207,2025-10-08 15:47:39,EURUSD-ECNc,0.1,1.16188,-1.0,-0.3,0.0,
44270869,2025-10-08 15:47:40,GBPUSD-ECNc,0.2,1.33926,-1.4,-0.6,0.0,
44271070,2025-10-08 15:47:42,EURUSD-ECNc,0.1,1.16187,-1.7,-0.3,0.0,
44271097,2025-10-08 15:47:43,GBPUSD-ECNc,0.2,1.33922,-3.0,-0.6,0.0,
44271109,2025-10-08 15:47:44,AUDUSD-ECNc,0.2,0.65627,-2.8,-0.6,0.0,
44271179,2025-10-08 15:47:45,AUDUSD-ECNc,0.2,0.65626,-3.6,-0.6,0.0,
44303040,2025-10-08 16:02:07,NAS100.s,0.1,24907.93,277.0,0.0,-56.93,
44429964,2025-10-08 17:15:15,GBPUSD-ECNc,0.2,1.33845,17.6,-0.6,0.0,[tp 1.33843]
44445131,2025-10-08 17:19:01,EURUSD-ECNc,0.1,1.16105,8.6,-0.3,0.0,[tp 1.16101]
44445976,2025-10-08 17:19:20,XAUUSD-ECNc,0.05,4025.18,49.45,-0.15,0.0,
44445994,2025-10-08 17:19:21,XAUUSD-ECNc,0.05,4024.84,62.35,-0.15,0.0,
44446081,2025-10-08 17:19:24,GBPUSD-ECNc,0.2,1.33856,12.6,-0.6,0.0,
44446351,2025-10-08 17:19:26,EURUSD-ECNc,0.1,1.161,8.5,-0.3,0.0,
44446438,2025-10-08 17:19:27,AUDUSD-ECNc,0.2,0.65591,8.0,-0.6,0.0,
44446526,2025-10-08 17:19:28,AUDUSD-ECNc,0.2,0.6559,6.8,-0.6,0.0,
44446697,2025-10-08 17:19:29,GBPUSD-ECNc,0.2,1.33853,4.2,-0.6,0.0,
44462911,2025-10-08 17:25:03,GBPUSD-ECNc,0.2,1.33903,-9.8,-0.6,0.0,[sl 1.33901]
44462941,2025-10-08 17:25:03,GBPUSD-ECNc,0.2,1.33904,-10.8,-0.6,0.0,[sl 1.33903]
44463820,2025-10-08 17:26:32,GBPUSD-ECNc,0.2,1.33962,-11.2,-0.6,0.0,[sl 1.33957]
44469823,2025-10-08 17:29:13,XAUUSD-ECNc,0.05,4027.95,23.0,-0.15,0.0,[tp 4027.85]
44471392,2025-10-08 17:29:50,XAUUSD-ECNc,0.05,4026.95,13.2,-0.15,0.0,
44475262,2025-10-08 17:31:51,EURUSD-ECNc,0.1,1.16135,-5.3,-0.3,0.0,[sl 1.16135]
44480821,2025-10-08 17:33:18,GBPUSD-ECNc,0.2,1.33961,-11.0,-0.6,0.0,[sl 1.33956]
44493316,2025-10-08 17:43:54,XAUUSD-ECNc,0.05,4029.23,-10.7,-0.15,0.0,[sl 4029.28]
44496714,2025-10-08 17:47:12,EURUSD-ECNc,0.1,1.1614,-5.1,-0.3,0.0,[sl 1.16139]
44507999,2025-10-08 17:59:06,GBPUSD-ECNc,0.2,1.33968,-10.4,-0.6,0.0,[sl 1.33968]
44508536,2025-10-08 18:00:03,EURUSD-ECNc,0.1,1.16177,-5.0,-0.3,0.0,[sl 1.16177]
44510238,2025-10-08 18:02:16,GBPUSD-ECNc,0.2,1.33993,-10.4,-0.6,0.0,[sl 1.33990]
44512080,2025-10-08 18:02:19,AUDUSD-ECNc,0.2,0.65635,-9.8,-0.6,0.0,[sl 0.65635]
44517983,2025-10-08 18:05:42,AUDUSD-ECNc,0.2,0.6564,-9.6,-0.6,0.0,[sl 0.65641]
44520094,2025-10-08 18:07:44,EURUSD-ECNc,0.1,1.16194,-4.8,-0.3,0.0,[sl 1.16195]
44573463,2025-10-08 18:35:17,EURUSD-ECNc,0.1,1.16208,-5.7,-0.3,0.0,[sl 1.16201]
44578194,2025-10-08 18:37:04,EURUSD-ECNc,0.1,1.16239,-5.2,-0.3,0.0,[sl 1.16238]
44580389,2025-10-08 18:37:38,AUDUSD-ECNc,0.2,0.65674,-10.0,-0.6,0.0,[sl 0.65674]
44580815,2025-10-08 18:37:47,AUDUSD-ECNc,0.2,0.65675,-9.6,-0.6,0.0,[sl 0.65677]
44687533,2025-10-08 19:57:17,EURUSD-ECNc,0.1,1.16108,9.2,-0.3,0.0,[tp 1.16110]
44698208,2025-10-08 20:01:48,EURUSD-ECNc,0.1,1.16182,-5.0,-0.3,0.0,[sl 1.16178]
44698211,2025-10-08 20:01:48,EURUSD-ECNc,0.1,1.16182,-5.4,-0.3,0.0,[sl 1.16179]
44706099,2025-10-08 20:06:46,EURUSD-ECNc,0.1,1.16175,-5.3,-0.3,0.0,[sl 1.16172]
44756737,2025-10-08 20:42:33,EURUSD-ECNc,0.1,1.16095,9.2,-0.3,0.0,[tp 1.16097]
44788489,2025-10-08 20:56:05,EURUSD-ECNc,0.1,1.16067,9.4,-0.3,0.0,[tp 1.16071]
44802750,2025-10-08 21:02:39,EURUSD-ECNc,0.1,1.16133,-5.3,-0.3,0.0,[sl 1.16134]
44810142,2025-10-08 21:12:12,EURUSD-ECNc,0.1,1.16166,-5.0,-0.3,0.0,[sl 1.16165]
44810429,2025-10-08 21:14:31,EURUSD-ECNc,0.1,1.16183,-5.0,-0.3,0.0,[sl 1.16183]
44823037,2025-10-08 21:19:08,AUDUSD-ECNc,0.2,0.65677,-10.2,-0.6,0.0,[sl 0.65677]
44823798,2025-10-08 21:19:41,AUDUSD-ECNc,0.2,0.65683,-9.8,-0.6,0.0,[sl 0.65684]
44919370,2025-10-08 22:45:14,GBPUSD-ECNc,0.2,1.34033,-1.0,-0.6,0.0,AgenticAI Auto-C
45045412,2025-10-09 00:05:57,XAUUSD-ECNc,0.05,4044.05,2.15,-0.15,0.0,
45047072,2025-10-09 00:06:57,XAUUSD-ECNc,0.05,4044.22,0.25,-0.15,0.0,
45048390,2025-10-09 00:07:39,XAUUSD-ECNc,0.05,4044.93,65.8,-0.15,0.0,
45048496,2025-10-09 00:07:45,XAUUSD-ECNc,0.05,4044.8,63.5,-0.15,0.0,
45077415,2025-10-09 00:25:17,XAUUSD-ECNc,0.05,4041.92,-1.8,-0.15,0.0,
45077479,2025-10-09 00:25:24,XAUUSD-ECNc,0.05,4042.27,-10.6,-0.15,0.0,
45077609,2025-10-09 00:25:31,XAUUSD-ECNc,0.05,4042.34,-14.9,-0.15,0.0,
45077659,2025-10-09 00:25:39,XAUUSD-ECNc,0.05,4041.94,-23.85,-0.15,0.0,
45077691,2025-10-09 00:25:47,XAUUSD-ECNc,0.05,4041.95,-20.1,-0.15,0.0,
45077711,2025-10-09 00:25:52,XAUUSD-ECNc,0.05,4042.08,-21.5,-0.15,0.0,
45077727,2025-10-09 00:25:58,XAUUSD-ECNc,0.05,4042.2,-19.95,-0.15,0.0,
45077808,2025-10-09 00:26:04,XAUUSD-ECNc,0.05,4042.49,-24.7,-0.15,0.0,
45077835,2025-10-09 00:26:09,XAUUSD-ECNc,0.05,4042.06,-25.1,-0.15,0.0,
45078240,2025-10-09 00:26:15,XAUUSD-ECNc,0.05,4041.67,-26.35,-0.15,0.0,
45078421,2025-10-09 00:26:20,XAUUSD-ECNc,0.05,4042.17,-17.55,-0.15,0.0,
45078431,2025-10-09 00:26:26,XAUUSD-ECNc,0.05,4042.26,-14.75,-0.15,0.0,
45078456,2025-10-09 00:26:31,XAUUSD-ECNc,0.05,4042.56,-17.85,-0.15,0.0,
45093301,2025-10-09 00:32:07,XAUUSD-ECNc,0.05,4035.38,-45.8,-0.15,0.0,
45093460,2025-10-09 00:32:12,XAUUSD-ECNc,0.05,4035.82,-38.9,-0.15,0.0,
45094279,2025-10-09 00:32:17,XAUUSD-ECNc,0.05,4036.84,-31.65,-0.15,0.0,
45094691,2025-10-09 00:32:22,XAUUSD-ECNc,0.05,4037.11,-28.3,-0.15,0.0,
45094854,2025-10-09 00:32:28,XAUUSD-ECNc,0.05,4036.68,-28.3,-0.15,0.0,
45094990,2025-10-09 00:32:33,XAUUSD-ECNc,0.05,4036.91,-27.45,-0.15,0.0,
45271673,2025-10-09 02:02:15,EURUSD-ECNc,0.1,1.16205,4.0,-0.3,0.0,AgenticTrader cl
45271676,2025-10-09 02:02:15,EURUSD-ECNc,0.1,1.16205,2.5,-0.3,0.0,AgenticTrader cl
45271691,2025-10-09 02:02:16,EURUSD-ECNc,0.1,1.16205,1.1,-0.3,0.0,AgenticTrader cl
45271700,2025-10-09 02:02:16,EURUSD-ECNc,0.1,1.16205,1.4,-0.3,0.0,AgenticTrader cl
45271702,2025-10-09 02:02:17,EURUSD-ECNc,0.1,1.16205,1.8,-0.3,0.0,AgenticTrader cl
45271703,2025-10-09 02:02:17,EURUSD-ECNc,0.1,1.16204,2.0,-0.3,0.0,AgenticTrader cl
45271706,2025-10-09 02:02:18,EURUSD-ECNc,0.1,1.16204,0.8,-0.3,0.0,AgenticTrader cl
45271707,2025-10-09 02:02:18,EURUSD-ECNc,0.1,1.16205,-0.2,-0.3,0.0,AgenticTrader cl
45273366,2025-10-09 02:03:21,EURUSD-ECNc,0.1,1.16215,0.5,-0.3,0.0,AgenticTrader cl
45274453,2025-10-09 02:04:23,EURUSD-ECNc,0.1,1.1619,0.2,-0.3,0.0,AgenticTrader cl
45290526,2025-10-09 02:11:29,GBPUSD-ECNc,0.2,1.34124,-1.6,-0.6,0.0,AgenticTrader cl
45299133,2025-10-09 02:14:32,EURUSD-ECNc,0.1,1.16147,0.9,-0.3,0.0,AgenticTrader cl
45311673,2025-10-09 02:21:37,GBPUSD-ECNc,0.2,1.34068,1.4,-0.6,0.0,AgenticTrader cl
45336734,2025-10-09 02:47:48,GBPUSD-ECNc,0.2,1.33993,17.2,-0.6,0.0,[tp 1.33992]
45339570,2025-10-09 02:52:31,EURUSD-ECNc,0.1,1.16051,9.5,-0.3,0.0,[tp 1.16056]
45340884,2025-10-09 02:53:10,GBPUSD-ECNc,0.2,1.33885,17.8,-0.6,0.0,[tp 1.33883]
45341968,2025-10-09 02:55:43,XAUUSD-ECNc,0.05,4046.6,-14.35,-0.15,0.0,
45341972,2025-10-09 02:55:44,XAUUSD-ECNc,0.05,4046.81,-8.55,-0.15,0.0,
45341988,2025-10-09 02:55:48,XAUUSD-ECNc,0.05,4046.75,-7.2,-0.15,0.0,
45341990,2025-10-09 02:55:50,XAUUSD-ECNc,0.05,4046.47,-7.75,-0.15,0.0,
45342072,2025-10-09 02:55:51,XAUUSD-ECNc,0.05,4046.44,-5.5,-0.15,0.0,
45342097,2025-10-09 02:55:52,EURUSD-ECNc,0.1,1.16048,-1.4,-0.3,0.0,
45369277,2025-10-09 03:16:23,GBPUSD-ECNc,0.2,1.33795,18.8,-0.6,0.0,[tp 1.33799]
45369289,2025-10-09 03:16:25,GBPUSD-ECNc,0.2,1.33793,17.8,-0.6,0.0,[tp 1.33792]
SUMMARY-2025-10-08,2025-10-08 23:59:59,SUMMARY,,,,-64.59,-34.41,-60.41,"trades=134, win%=37.3, avgWin=13.62, avgLoss=-7.75, exp=0.23"
46683620,2025-10-09 17:09:36,GBPUSD-ECNc,0.2,1.33968,19.2,-0.6,0.0,[tp 1.33973]
46683625,2025-10-09 17:09:36,GBPUSD-ECNc,0.2,1.33968,18.6,-0.6,0.0,[tp 1.33971]
46686720,2025-10-09 17:14:09,EURUSD-ECNc,0.1,1.16276,9.5,-0.3,0.0,[tp 1.16281]
46689183,2025-10-09 17:16:30,EURUSD-ECNc,0.1,1.16328,-5.0,-0.3,0.0,[sl 1.16328]
46690493,2025-10-09 17:19:31,GBPUSD-ECNc,0.2,1.33872,19.4,-0.6,0.0,[tp 1.33877]
46691644,2025-10-09 17:22:30,GBPUSD-ECNc,0.2,1.33849,19.2,-0.6,0.0,[tp 1.33856]
46693076,2025-10-09 17:25:11,XAUUSD-ECNc,0.05,4036.01,-16.35,-0.15,0.0,[sl 4036.10]
46698237,2025-10-09 17:27:39,EURUSD-ECNc,0.1,1.16236,8.8,-0.3,0.0,[tp 1.16234]
46699692,2025-10-09 17:28:22,GBPUSD-ECNc,0.2,1.33773,20.0,-0.6,0.0,[tp 1.33784]
46703385,2025-10-09 17:29:01,GBPUSD-ECNc,0.2,1.33757,17.8,-0.6,0.0,[tp 1.33756]
46782982,2025-10-09 17:50:27,EURUSD-ECNc,0.1,1.16152,8.9,-0.3,0.0,[tp 1.16152]
46782986,2025-10-09 17:50:27,GBPUSD-ECNc,0.2,1.33642,18.4,-0.6,0.0,[tp 1.33644]
46783127,2025-10-09 17:50:34,GBPUSD-ECNc,0.2,1.33636,18.2,-0.6,0.0,[tp 1.33637]
46812495,2025-10-09 18:00:57,GBPUSD-ECNc,0.2,1.33681,-10.4,-0.6,0.0,[sl 1.33679]
46834473,2025-10-09 18:07:55,EURUSD-ECNc,0.1,1.16207,-5.1,-0.3,0.0,[sl 1.16206]
46841728,2025-10-09 18:10:46,GBPUSD-ECNc,0.2,1.33689,-10.8,-0.6,0.0,[sl 1.33688]
46843122,2025-10-09 18:11:02,GBPUSD-ECNc,0.2,1.33702,-11.4,-0.6,0.0,[sl 1.33696]
46858997,2025-10-09 18:17:41,GBPUSD-ECNc,0.2,1.33622,18.6,-0.6,0.0,[tp 1.33625]
46859065,2025-10-09 18:17:54,GBPUSD-ECNc,0.2,1.33619,18.0,-0.6,0.0,[tp 1.33619]
46860622,2025-10-09 18:20:02,GBPUSD-ECNc,0.2,1.3366,-11.0,-0.6,0.0,[sl 1.33656]
46892722,2025-10-09 18:35:46,EURUSD-ECNc,0.1,1.16117,9.2,-0.3,0.0,[tp 1.16118]
46896179,2025-10-09 18:38:42,GBPUSD-ECNc,0.2,1.3355,17.2,-0.6,0.0,[tp 1.33546]
46897028,2025-10-09 18:40:18,GBPUSD-ECNc,0.2,1.33525,20.4,-0.6,0.0,[tp 1.33537]
46899211,2025-10-09 18:41:17,EURUSD-ECNc,0.1,1.16073,-40.1,-0.3,0.0,[sl 1.16073]
46902025,2025-10-09 18:43:07,GBPUSD-ECNc,0.2,1.33564,-9.8,-0.6,0.0,[sl 1.33565]
46903225,2025-10-09 18:45:10,EURUSD-ECNc,0.1,1.16125,-5.2,-0.3,0.0,[sl 1.16123]
46953433,2025-10-09 19:21:34,XAUUSD-ECNc,0.05,4034.35,-14.85,-0.15,0.0,[sl 4034.35]
46963684,2025-10-09 19:32:18,GBPUSD-ECNc,0.2,1.33471,17.6,-0.6,0.0,[tp 1.33469]
46964608,2025-10-09 19:34:44,GBPUSD-ECNc,0.2,1.33455,18.2,-0.6,0.0,[tp 1.33456]
46965014,2025-10-09 19:35:20,EURUSD-ECNc,0.1,1.16036,9.8,-0.3,0.0,[tp 1.16042]
46965871,2025-10-09 19:35:54,EURUSD-ECNc,0.1,1.16032,9.1,-0.3,0.0,[tp 1.16033]
46978434,2025-10-09 19:40:55,GBPUSD-ECNc,0.2,1.33503,-10.2,-0.6,0.0,[sl 1.33503]
46978707,2025-10-09 19:41:22,GBPUSD-ECNc,0.2,1.33518,-7.6,-0.6,0.0,
46978713,2025-10-09 19:41:23,EURUSD-ECNc,0.1,1.16069,-3.0,-0.3,0.0,
46978721,2025-10-09 19:41:24,GBPUSD-ECNc,0.2,1.33518,-3.6,-0.6,0.0,
46978727,2025-10-09 19:41:25,XAUUSD-ECNc,0.05,4038.73,8.5,-0.15,0.0,
46978735,2025-10-09 19:41:27,EURUSD-ECNc,0.1,1.16068,-2.2,-0.3,0.0,
46979640,2025-10-09 19:43:31,GBPUSD-ECNc,0.2,1.33582,-11.4,-0.6,0.0,[sl 1.33580]
46979966,2025-10-09 19:44:23,EURUSD-ECNc,0.1,1.16131,-5.4,-0.3,0.0,[sl 1.16127]
46979979,2025-10-09 19:44:26,GBPUSD-ECNc,0.2,1.33617,-9.4,-0.6,0.0,[sl 1.33620]
46980031,2025-10-09 19:44:41,GBPUSD-ECNc,0.2,1.33634,-10.4,-0.6,0.0,[sl 1.33632]
46980036,2025-10-09 19:44:41,EURUSD-ECNc,0.1,1.16146,-5.3,-0.3,0.0,[sl 1.16143]
46982551,2025-10-09 19:47:20,GBPUSD-ECNc,0.2,1.33639,-10.6,-0.6,0.0,[sl 1.33640]
46983272,2025-10-09 19:48:50,GBPUSD-ECNc,0.2,1.33559,9.0,-0.6,0.0,[tp 1.33565]
46983373,2025-10-09 19:49:07,AUDUSD-ECNc,0.2,0.65758,9.0,-0.6,0.0,
46983382,2025-10-09 19:49:09,AUDUSD-ECNc,0.2,0.65756,8.2,-0.6,0.0,
46988025,2025-10-09 19:55:40,EURUSD-ECNc,0.1,1.16058,5.4,-0.3,0.0,[tp 1.16064]
46988669,2025-10-09 19:58:05,EURUSD-ECNc,0.1,1.16102,-5.0,-0.3,0.0,[sl 1.16100]
46988743,2025-10-09 19:58:21,GBPUSD-ECNc,0.2,1.33609,-10.6,-0.6,0.0,[sl 1.33606]
46992673,2025-10-09 20:03:06,EURUSD-ECNc,0.1,1.16152,-5.0,-0.3,0.0,[sl 1.16153]
46994239,2025-10-09 20:04:01,GBPUSD-ECNc,0.2,1.33651,-10.0,-0.6,0.0,[sl 1.33651]
46994898,2025-10-09 20:04:43,EURUSD-ECNc,0.1,1.16184,-5.7,-0.3,0.0,[sl 1.16177]
46995284,2025-10-09 20:04:44,GBPUSD-ECNc,0.2,1.33681,-10.6,-0.6,0.0,[sl 1.33678]
47023421,2025-10-09 20:18:39,GBPUSD-ECNc,0.2,1.33722,-10.6,-0.6,0.0,[sl 1.33718]
47023453,2025-10-09 20:18:48,EURUSD-ECNc,0.1,1.16161,-4.5,-0.3,0.0,[sl 1.16166]
47035220,2025-10-09 20:35:00,EURUSD-ECNc,0.1,1.16232,-5.5,-0.3,0.0,[sl 1.16233]
47119281,2025-10-09 22:00:38,GBPUSD-ECNc,0.2,1.33649,10.0,-0.6,0.0,[tp 1.33648]
47127214,2025-10-09 22:03:04,GBPUSD-ECNc,0.2,1.33638,10.2,-0.6,0.0,[tp 1.33638]
47127320,2025-10-09 22:03:14,EURUSD-ECNc,0.1,1.16127,5.0,-0.3,0.0,[tp 1.16127]
47135612,2025-10-09 22:07:13,XAUUSD-ECNc,0.1,4040.39,-8.0,-0.3,0.0,
47137060,2025-10-09 22:07:40,GBPUSD-ECNc,0.2,1.33585,11.4,-0.6,0.0,[tp 1.33592]
47137068,2025-10-09 22:07:40,GBPUSD-ECNc,0.2,1.33586,9.8,-0.6,0.0,[tp 1.33585]
47146072,2025-10-09 22:13:32,GBPUSD-ECNc,0.2,1.33679,-11.8,-0.6,0.0,[sl 1.33671]
47146300,2025-10-09 22:13:52,GBPUSD-ECNc,0.2,1.33692,-11.4,-0.6,0.0,[sl 1.33688]
47159960,2025-10-09 22:18:30,GBPUSD-ECNc,0.2,1.3371,-9.8,-0.6,0.0,[sl 1.33710]
47174484,2025-10-09 22:30:17,GBPUSD-ECNc,0.2,1.3374,-10.0,-0.6,0.0,[sl 1.33740]
47182931,2025-10-09 22:32:14,GBPUSD-ECNc,0.2,1.33748,-10.8,-0.6,0.0,[sl 1.33744]
47189183,2025-10-09 22:35:50,EURUSD-ECNc,0.1,1.16176,-4.9,-0.3,0.0,[sl 1.16176]
47221493,2025-10-09 23:01:56,AUDUSD-ECNc,0.2,0.65954,-9.6,-0.6,0.0,[sl 0.65953]
47224621,2025-10-09 23:02:01,XAUUSD-ECNc,0.1,4040.86,-31.1,-0.3,0.0,[sl 4040.97]
47235841,2025-10-09 23:10:34,XAUUSD-ECNc,0.1,4040.84,-31.5,-0.3,0.0,[sl 4040.99]
47252657,2025-10-09 23:20:11,EURUSD-ECNc,0.1,1.16076,4.9,-0.3,0.0,[tp 1.16076]
47264791,2025-10-09 23:26:43,AUDUSD-ECNc,0.2,0.66032,9.8,-0.6,0.0,[tp 0.66033]
47269529,2025-10-09 23:32:24,AUDUSD-ECNc,0.2,0.66044,10.0,-0.6,0.0,[tp 0.66044]
47269717,2025-10-09 23:32:40,EURUSD-ECNc,0.1,1.16128,-5.1,-0.3,0.0,[sl 1.16128]
47274335,2025-10-09 23:37:34,AUDUSD-ECNc,0.2,0.6609,9.8,-0.6,0.0,[tp 0.66091]
47279233,2025-10-09 23:41:54,AUDUSD-ECNc,0.2,0.66047,-9.6,-0.6,0.0,[sl 0.66045]
47287442,2025-10-09 23:45:08,XAUUSD-ECNc,0.1,4044.98,-5.0,-0.3,0.0,[sl 4044.97]
47292889,2025-10-09 23:47:08,XAUUSD-ECNc,0.1,4047.68,9.8,-0.3,0.0,[tp 4047.72]
47295624,2025-10-09 23:49:06,XAUUSD-ECNc,0.1,4045.68,-10.1,-0.3,0.0,[sl 4046.19]
47306063,2025-10-09 23:52:36,XAUUSD-ECNc,0.1,4046.77,15.5,-0.3,0.0,[tp 4046.33]
47311904,2025-10-09 23:54:29,XAUUSD-ECNc,0.1,4049.04,12.5,-0.3,0.0,[tp 4048.73]
47324194,2025-10-09 23:57:07,XAUUSD-ECNc,0.1,4049.53,-6.7,-0.3,0.0,[sl 4049.68]
47324718,2025-10-09 23:57:13,EURUSD-ECNc,0.1,1.16157,-4.8,-0.3,0.0,[sl 1.16156]
47355382,2025-10-10 00:07:00,EURUSD-ECNc,0.1,1.16159,-5.4,-0.3,0.0,[sl 1.16155]
47356304,2025-10-10 00:07:03,AUDUSD-ECNc,0.2,0.66119,13.6,-0.6,0.0,[tp 0.66101]
47356333,2025-10-10 00:07:03,AUDUSD-ECNc,0.2,0.66119,13.2,-0.6,0.0,[tp 0.66103]
47359121,2025-10-10 00:08:01,AUDUSD-ECNc,0.2,0.66054,-9.6,-0.6,0.0,[sl 0.66057]
47382152,2025-10-10 00:16:05,AUDUSD-ECNc,0.2,0.66016,-10.0,-0.6,0.0,[sl 0.66016]
47393378,2025-10-10 00:20:50,AUDUSD-ECNc,0.2,0.66007,-10.2,-0.6,0.0,[sl 0.66007]
47445048,2025-10-10 00:36:39,GBPUSD-ECNc,0.2,1.33613,11.2,-0.6,0.0,[tp 1.33618]
47445074,2025-10-10 00:36:39,AUDUSD-ECNc,0.2,0.65974,-10.4,-0.6,0.0,[sl 0.65976]
47445245,2025-10-10 00:36:39,EURUSD-ECNc,0.1,1.16058,5.0,-0.3,0.0,[tp 1.16059]
47445249,2025-10-10 00:36:39,AUDUSD-ECNc,0.2,0.65974,-10.2,-0.6,0.0,[sl 0.65975]
47453169,2025-10-10 00:38:50,GBPUSD-ECNc,0.2,1.33679,-11.4,-0.6,0.0,[sl 1.33674]
47463630,2025-10-10 00:41:07,EURUSD-ECNc,0.1,1.16011,5.0,-0.3,0.0,[tp 1.16011]
47470362,2025-10-10 00:42:30,GBPUSD-ECNc,0.2,1.33605,8.8,-0.6,0.0,[tp 1.33599]
47470370,2025-10-10 00:42:30,EURUSD-ECNc,0.1,1.15966,4.6,-0.3,0.0,[tp 1.15961]
47470668,2025-10-10 00:42:39,GBPUSD-ECNc,0.2,1.33589,10.0,-0.6,0.0,[tp 1.33589]
47527936,2025-10-10 00:48:53,NAS100.s,0.3,25114.88,-539.0,0.0,0.0,[sl 25113.76]
47527966,2025-10-10 00:48:55,EURUSD-ECNc,0.1,1.15975,-4.9,-0.3,0.0,[sl 1.15974]
47530673,2025-10-10 00:49:06,GBPUSD-ECNc,0.2,1.33625,-9.2,-0.6,0.0,[sl 1.33629]
47531343,2025-10-10 00:49:18,GBPUSD-ECNc,0.2,1.33633,-10.2,-0.6,0.0,[sl 1.33633]
47534023,2025-10-10 00:50:18,GBPUSD-ECNc,0.2,1.33683,-8.2,-0.6,0.0,[sl 1.33683]
47534208,2025-10-10 00:50:33,EURUSD-ECNc,0.1,1.1605,-4.9,-0.3,0.0,[sl 1.16049]
47551527,2025-10-10 00:54:42,EURUSD-ECNc,0.1,1.16003,5.1,-0.3,0.0,[tp 1.16005]
47580001,2025-10-10 01:00:15,XAUUSD-ECNc,0.05,4015.44,-103.25,-0.15,0.0,[sl 4016.09]
47580232,2025-10-10 01:00:15,EURUSD-ECNc,0.1,1.15987,5.1,-0.3,0.0,[tp 1.15988]
47596541,2025-10-10 01:02:32,GBPUSD-ECNc,0.2,1.33545,10.4,-0.6,0.0,[tp 1.33547]
47605830,2025-10-10 01:05:54,GBPUSD-ECNc,0.2,1.33599,-9.4,-0.6,0.0,[sl 1.33603]
47622925,2025-10-10 01:09:16,GBPUSD-ECNc,0.2,1.33521,10.0,-0.6,0.0,[tp 1.33522]
47624230,2025-10-10 01:10:06,GBPUSD-ECNc,0.2,1.33521,8.4,-0.6,0.0,[tp 1.33519]
47634502,2025-10-10 01:14:18,NAS100.s,0.3,25098.88,257.0,0.0,0.0,
47639574,2025-10-10 01:15:46,NAS100.s,0.3,25093.38,137.0,0.0,0.0,
47661853,2025-10-10 01:21:51,GBPUSD-ECNc,0.2,1.33481,9.8,-0.6,0.0,[tp 1.33481]
47662642,2025-10-10 01:22:20,GBPUSD-ECNc,0.2,1.33477,10.0,-0.6,0.0,[tp 1.33478]
47663059,2025-10-10 01:22:33,EURUSD-ECNc,0.1,1.15905,5.0,-0.3,0.0,[tp 1.15907]
47663194,2025-10-10 01:22:37,EURUSD-ECNc,0.1,1.15852,5.1,-0.3,0.0,[tp 1.15851]
47677185,2025-10-10 01:24:21,GBPUSD-ECNc,0.2,1.33402,11.2,-0.6,0.0,[tp 1.33407]
47688615,2025-10-10 01:26:54,AUDUSD-ECNc,0.2,0.65676,10.0,-0.6,0.0,[tp 0.65676]
47688626,2025-10-10 01:26:56,EURUSD-ECNc,0.1,1.15797,5.1,-0.3,0.0,[tp 1.15797]
47702456,2025-10-10 01:30:30,GBPUSD-ECNc,0.2,1.33352,11.4,-0.6,0.0,[tp 1.33357]
47702837,2025-10-10 01:30:31,GBPUSD-ECNc,0.2,1.33348,9.8,-0.6,0.0,[tp 1.33348]
47706080,2025-10-10 01:31:19,AUDUSD-ECNc,0.2,0.65639,9.8,-0.6,0.0,[tp 0.65640]
47706702,2025-10-10 01:31:32,XAUUSD-ECNc,0.3,4010.1,-34.8,-0.9,0.0,[sl 4009.62]
47710208,2025-10-10 01:32:16,GBPUSD-ECNc,0.2,1.33303,9.4,-0.6,0.0,[tp 1.33300]
47712339,2025-10-10 01:33:00,XAUUSD-ECNc,0.3,4012.18,-43.8,-0.9,0.0,[sl 4011.93]
47719751,2025-10-10 01:34:26,AUDUSD-ECNc,0.2,0.65634,9.6,-0.6,0.0,[tp 0.65633]
47721875,2025-10-10 01:35:21,XAUUSD-ECNc,0.3,4007.27,-52.5,-0.9,0.0,[sl 4007.14]
47725264,2025-10-10 01:36:59,XAUUSD-ECNc,0.3,4008.34,-45.6,-0.9,0.0,[sl 4008.04]
47731463,2025-10-10 01:38:55,XAUUSD-ECNc,0.3,4013.7,-43.5,-0.9,0.0,[sl 4013.21]
47737255,2025-10-10 01:40:33,GBPUSD-ECNc,0.2,1.33374,-10.4,-0.6,0.0,[sl 1.33371]
47737967,2025-10-10 01:41:05,XAUUSD-ECNc,0.3,4012.42,67.5,-0.9,0.0,[tp 4012.54]
47743475,2025-10-10 01:42:32,GBPUSD-ECNc,0.2,1.33321,10.2,-0.6,0.0,[tp 1.33323]
47743628,2025-10-10 01:42:41,NAS100.s,0.3,25037.88,1434.0,0.0,0.0,[tp 25036.97]
47747403,2025-10-10 01:45:04,AUDUSD-ECNc,0.2,0.65601,10.0,-0.6,0.0,[tp 0.65601]
47748221,2025-10-10 01:45:14,XAUUSD-ECNc,0.3,4009.37,76.8,-0.9,0.0,[tp 4009.87]
47754982,2025-10-10 01:46:17,XAUUSD-ECNc,0.3,4015.09,-29.1,-0.9,0.0,[sl 4014.94]
47755738,2025-10-10 01:46:43,GBPUSD-ECNc,0.2,1.33292,9.8,-0.6,0.0,[tp 1.33291]
47756444,2025-10-10 01:47:20,GBPUSD-ECNc,0.2,1.33271,10.2,-0.6,0.0,[tp 1.33271]
47756702,2025-10-10 01:47:51,AUDUSD-ECNc,0.2,0.65586,9.8,-0.6,0.0,[tp 0.65585]
47756896,2025-10-10 01:48:09,XAUUSD-ECNc,0.3,4014.87,-29.7,-0.9,0.0,[sl 4014.80]
47767346,2025-10-10 01:50:10,NAS100.s,0.3,25065.88,-831.0,0.0,0.0,[sl 25065.55]
47770135,2025-10-10 01:50:45,EURUSD-ECNc,0.1,1.15849,-5.0,-0.3,0.0,[sl 1.15849]
47771958,2025-10-10 01:51:33,AUDUSD-ECNc,0.2,0.65636,-10.4,-0.6,0.0,[sl 0.65634]
47771989,2025-10-10 01:51:35,AUDUSD-ECNc,0.2,0.65642,-10.0,-0.6,0.0,[sl 0.65642]
47789552,2025-10-10 01:56:23,AUDUSD-ECNc,0.2,0.65682,-10.2,-0.6,0.0,[sl 0.65681]
47792211,2025-10-10 01:57:52,GBPUSD-ECNc,0.2,1.33342,-10.2,-0.6,0.0,[sl 1.33341]
47792563,2025-10-10 01:57:57,GBPUSD-ECNc,0.2,1.33354,-10.0,-0.6,0.0,[sl 1.33355]
47792750,2025-10-10 01:58:06,EURUSD-ECNc,0.1,1.15822,5.4,-0.3,0.0,[tp 1.15821]
47794731,2025-10-10 02:00:01,AUDUSD-ECNc,0.2,0.65629,9.4,-0.6,0.0,[tp 0.65628]
47795235,2025-10-10 02:00:31,NAS100.s,0.3,25094.88,-1019.0,0.0,0.0,[sl 25093.61]
47800239,2025-10-10 02:02:06,EURUSD-ECNc,0.1,1.15772,4.9,-0.3,0.0,[tp 1.15772]
47800397,2025-10-10 02:02:45,GBPUSD-ECNc,0.2,1.33287,11.0,-0.6,0.0,[tp 1.33292]
47800431,2025-10-10 02:02:56,GBPUSD-ECNc,0.2,1.33281,10.4,-0.6,0.0,[tp 1.33285]
47800753,2025-10-10 02:03:36,GBPUSD-ECNc,0.2,1.33245,9.2,-0.6,0.0,[tp 1.33241]
47800754,2025-10-10 02:03:36,AUDUSD-ECNc,0.2,0.65595,9.8,-0.6,0.0,[tp 0.65594]
47800889,2025-10-10 02:03:44,AUDUSD-ECNc,0.2,0.65594,10.0,-0.6,0.0,[tp 0.65593]
47803883,2025-10-10 02:05:11,EURUSD-ECNc,0.1,1.15755,3.4,-0.3,0.0,[tp 1.15748]
47808613,2025-10-10 02:07:28,GBPUSD-ECNc,0.2,1.33174,13.4,-0.6,0.0,[tp 1.33190]
47808946,2025-10-10 02:07:30,EURUSD-ECNc,0.1,1.15678,5.1,-0.3,0.0,[tp 1.15681]
47808994,2025-10-10 02:07:31,GBPUSD-ECNc,0.2,1.33164,11.0,-0.6,0.0,[tp 1.33167]
47830067,2025-10-10 02:16:11,GBPUSD-ECNc,0.2,1.33193,-9.6,-0.6,0.0,[sl 1.33194]
47830279,2025-10-10 02:16:36,EURUSD-ECNc,0.1,1.1571,-5.0,-0.3,0.0,[sl 1.15709]
47830378,2025-10-10 02:16:54,GBPUSD-ECNc,0.2,1.33223,-10.4,-0.6,0.0,[sl 1.33221]
47832706,2025-10-10 02:17:40,GBPUSD-ECNc,0.2,1.33275,-10.4,-0.6,0.0,[sl 1.33274]
47838010,2025-10-10 02:21:00,GBPUSD-ECNc,0.2,1.3321,13.4,-0.6,0.0,[tp 1.33218]
47840449,2025-10-10 02:21:46,GBPUSD-ECNc,0.2,1.33172,10.0,-0.6,0.0,[tp 1.33173]
47841148,2025-10-10 02:22:37,EURUSD-ECNc,0.1,1.15663,5.7,-0.3,0.0,[tp 1.15670]
47845960,2025-10-10 02:23:44,AUDUSD-ECNc,0.2,0.65542,10.2,-0.6,0.0,[tp 0.65542]
47845961,2025-10-10 02:23:44,AUDUSD-ECNc,0.2,0.65542,10.0,-0.6,0.0,[tp 0.65543]
47851603,2025-10-10 02:27:51,GBPUSD-ECNc,0.2,1.33034,10.6,-0.6,0.0,[tp 1.33036]
47851950,2025-10-10 02:28:04,EURUSD-ECNc,0.1,1.15579,6.2,-0.3,0.0,[tp 1.15586]
47851994,2025-10-10 02:28:05,GBPUSD-ECNc,0.2,1.33015,9.0,-0.6,0.0,[tp 1.33011]
47861068,2025-10-10 02:30:34,GBPUSD-ECNc,0.2,1.32985,9.6,-0.6,0.0,[tp 1.32983]
47867778,2025-10-10 02:33:19,GBPUSD-ECNc,0.2,1.3295,10.4,-0.6,0.0,[tp 1.32950]
47869524,2025-10-10 02:34:15,XAUUSD-ECNc,0.3,4015.57,-42.3,-0.9,0.0,[sl 4015.53]
47879439,2025-10-10 02:36:02,XAUUSD-ECNc,0.3,4012.42,-32.4,-0.9,0.0,[sl 4012.44]
47884486,2025-10-10 02:39:28,NAS100.s,0.3,25056.63,564.0,0.0,0.0,
47884774,2025-10-10 02:39:59,AUDUSD-ECNc,0.2,0.65476,10.4,-0.6,0.0,[tp 0.65477]
47885101,2025-10-10 02:40:03,EURUSD-ECNc,0.1,1.15501,7.0,-0.3,0.0,[tp 1.15522]
47885193,2025-10-10 02:40:03,AUDUSD-ECNc,0.2,0.65469,10.2,-0.6,0.0,[tp 0.65472]
47885400,2025-10-10 02:40:04,GBPUSD-ECNc,0.2,1.3293,10.4,-0.6,0.0,[tp 1.32931]
47886428,2025-10-10 02:40:13,GBPUSD-ECNc,0.2,1.32926,10.8,-0.6,0.0,[tp 1.32926]
47886589,2025-10-10 02:40:18,XAUUSD-ECNc,0.3,4007.77,81.3,-0.9,0.0,[tp 4007.84]
47889531,2025-10-10 02:41:05,XAUUSD-ECNc,0.3,4011.79,-45.6,-0.9,0.0,[sl 4011.66]
47896313,2025-10-10 02:45:08,XAUUSD-ECNc,0.3,4010.38,-42.6,-0.9,0.0,[sl 4010.33]
47896400,2025-10-10 02:45:13,GBPUSD-ECNc,0.2,1.32981,-10.0,-0.6,0.0,[sl 1.32982]
47899803,2025-10-10 02:47:33,GBPUSD-ECNc,0.2,1.33003,-10.4,-0.6,0.0,[sl 1.33002]
47900413,2025-10-10 02:48:11,XAUUSD-ECNc,0.3,4013.91,-36.0,-0.9,0.0,[sl 4013.95]
47903009,2025-10-10 02:49:13,GBPUSD-ECNc,0.2,1.33041,-10.6,-0.6,0.0,[sl 1.33038]
47904091,2025-10-10 02:50:00,GBPUSD-ECNc,0.2,1.33064,-10.0,-0.6,0.0,[sl 1.33064]
47906195,2025-10-10 02:50:27,EURUSD-ECNc,0.1,1.15551,-4.6,-0.3,0.0,[sl 1.15549]
47906518,2025-10-10 02:50:33,AUDUSD-ECNc,0.2,0.65518,-10.4,-0.6,0.0,[sl 0.65518]
47907690,2025-10-10 02:51:12,AUDUSD-ECNc,0.2,0.65533,-10.0,-0.6,0.0,[sl 0.65533]
47911899,2025-10-10 02:55:27,GBPUSD-ECNc,0.2,1.33067,11.4,-0.6,0.0,[tp 1.33073]
47918072,2025-10-10 03:00:00,EURUSD-ECNc,0.1,1.15598,-4.7,-0.3,0.0,[sl 1.15596]
47918625,2025-10-10 03:00:26,GBPUSD-ECNc,0.2,1.33118,-11.2,-0.6,0.0,[sl 1.33112]
47920000,2025-10-10 03:00:45,GBPUSD-ECNc,0.2,1.33133,-9.8,-0.6,0.0,[sl 1.33132]
47928320,2025-10-10 03:04:00,GBPUSD-ECNc,0.2,1.33098,9.4,-0.6,0.0,[tp 1.33098]
47928507,2025-10-10 03:04:16,AUDUSD-ECNc,0.2,0.65577,-10.4,-0.6,0.0,[sl 0.65577]
47931447,2025-10-10 03:09:05,GBPUSD-ECNc,0.2,1.33064,9.8,-0.6,0.0,[tp 1.33063]
47933670,2025-10-10 03:09:49,GBPUSD-ECNc,0.2,1.33053,9.8,-0.6,0.0,[tp 1.33052]
47935392,2025-10-10 03:11:09,EURUSD-ECNc,0.1,1.15544,5.5,-0.3,0.0,[tp 1.15546]
47936617,2025-10-10 03:12:30,GBPUSD-ECNc,0.2,1.33011,10.2,-0.6,0.0,[tp 1.33012]
47941109,2025-10-10 03:15:18,GBPUSD-ECNc,0.2,1.32977,10.0,-0.6,0.0,[tp 1.32975]
47943642,2025-10-10 03:16:09,AUDUSD-ECNc,0.2,0.6552,9.8,-0.6,0.0,[tp 0.65519]
47946824,2025-10-10 03:20:24,GBPUSD-ECNc,0.2,1.32944,10.8,-0.6,0.0,[tp 1.32946]
47956068,2025-10-10 03:25:24,XAUUSD-ECNc,0.3,4011.58,-45.0,-0.9,0.0,[sl 4011.66]
47956281,2025-10-10 03:25:37,GBPUSD-ECNc,0.2,1.32994,-8.8,-0.6,0.0,[sl 1.32997]
47960716,2025-10-10 03:30:31,EURUSD-ECNc,0.1,1.15596,-5.4,-0.3,0.0,[sl 1.15595]
47961420,2025-10-10 03:31:23,XAUUSD-ECNc,0.3,4012.21,-38.7,-0.9,0.0,[sl 4012.24]
47967863,2025-10-10 03:34:20,XAUUSD-ECNc,0.3,4005.42,103.8,-0.9,0.0,[tp 4006.20]
47976013,2025-10-10 03:34:58,GBPUSD-ECNc,0.2,1.32942,10.0,-0.6,0.0,[tp 1.32942]
47976035,2025-10-10 03:34:58,AUDUSD-ECNc,0.2,0.65507,10.2,-0.6,0.0,[tp 0.65508]
47978708,2025-10-10 03:35:11,XAUUSD-ECNc,0.3,4000.26,-59.7,-0.9,0.0,[sl 3999.75]
47992822,2025-10-10 03:36:34,EURUSD-ECNc,0.1,1.15528,5.3,-0.3,0.0,[tp 1.15531]
47994130,2025-10-10 03:37:27,XAUUSD-ECNc,0.3,3991.71,82.8,-0.9,0.0,[tp 3991.80]
48004457,2025-10-10 03:40:09,XAUUSD-ECNc,0.3,3989.85,-50.4,-0.9,0.0,[sl 3989.81]
48006259,2025-10-10 03:40:32,XAUUSD-ECNc,0.05,3983.33,156.15,-0.15,0.0,[tp 3984.79]
48006442,2025-10-10 03:40:32,GBPUSD-ECNc,0.2,1.3294,9.6,-0.6,0.0,[tp 1.32939]
48010779,2025-10-10 03:41:08,XAUUSD-ECNc,0.3,3984.42,74.1,-0.9,0.0,[tp 3984.42]
48019772,2025-10-10 03:42:18,AUDUSD-ECNc,0.2,0.65473,10.0,-0.6,0.0,[tp 0.65472]
48023144,2025-10-10 03:43:19,XAUUSD-ECNc,0.3,3985.14,-48.3,-0.9,0.0,[sl 3984.96]
48025985,2025-10-10 03:43:44,GBPUSD-ECNc,0.2,1.32992,-10.0,-0.6,0.0,[sl 1.32992]
48030379,2025-10-10 03:45:14,XAUUSD-ECNc,0.3,3982.46,98.4,-0.9,0.0,[tp 3982.76]
48032787,2025-10-10 03:45:22,GBPUSD-ECNc,0.2,1.32939,10.4,-0.6,0.0,[tp 1.32941]
48039669,2025-10-10 03:47:25,XAUUSD-ECNc,0.3,3984.54,-47.7,-0.9,0.0,[sl 3984.56]
48042950,2025-10-10 03:49:04,GBPUSD-ECNc,0.2,1.32988,-9.8,-0.6,0.0,[sl 1.32989]
48046982,2025-10-10 03:50:21,EURUSD-ECNc,0.1,1.156,-5.2,-0.3,0.0,[sl 1.15599]
48046991,2025-10-10 03:50:21,XAUUSD-ECNc,0.3,3984.31,-53.1,-0.9,0.0,[sl 3984.33]
48047526,2025-10-10 03:50:42,AUDUSD-ECNc,0.2,0.65522,-9.6,-0.6,0.0,[sl 0.65522]
48051495,2025-10-10 03:52:32,XAUUSD-ECNc,0.3,3975.68,145.2,-0.9,0.0,[tp 3977.64]
48061238,2025-10-10 03:54:26,XAUUSD-ECNc,0.3,3970.94,108.3,-0.9,0.0,[tp 3971.17]
48065839,2025-10-10 03:55:21,GBPUSD-ECNc,0.2,1.3294,10.2,-0.6,0.0,[tp 1.32942]
48069507,2025-10-10 03:55:54,AUDUSD-ECNc,0.2,0.65473,9.6,-0.6,0.0,[tp 0.65473]
48071766,2025-10-10 03:56:18,XAUUSD-ECNc,0.3,3966.54,113.1,-0.9,0.0,[tp 3967.11]
48072699,2025-10-10 03:56:42,EURUSD-ECNc,0.1,1.1555,4.9,-0.3,0.0,[tp 1.15549]
48082467,2025-10-10 04:00:01,XAUUSD-ECNc,0.3,3970.73,-73.5,-0.9,0.0,[sl 3970.50]
48083423,2025-10-10 04:00:12,XAUUSD-ECNc,0.3,3970.42,-36.0,-0.9,0.0,[sl 3970.59]
48086871,2025-10-10 04:01:00,EURUSD-ECNc,0.1,1.156,-5.4,-0.3,0.0,[sl 1.15596]
48089102,2025-10-10 04:02:21,XAUUSD-ECNc,0.3,3973.62,-53.1,-0.9,0.0,[sl 3973.09]
48090926,2025-10-10 04:02:57,GBPUSD-ECNc,0.2,1.32995,-8.8,-0.6,0.0,[sl 1.32995]
48096189,2025-10-10 04:05:10,GBPUSD-ECNc,0.2,1.32936,10.4,-0.6,0.0,[tp 1.32938]
48099135,2025-10-10 04:05:25,AUDUSD-ECNc,0.2,0.65463,10.6,-0.6,0.0,[tp 0.65466]
48099165,2025-10-10 04:05:26,GBPUSD-ECNc,0.2,1.32905,10.8,-0.6,0.0,[tp 1.32909]
48100373,2025-10-10 04:05:50,XAUUSD-ECNc,0.3,3961.88,27.9,-0.9,0.0,[tp 3961.61]
48106914,2025-10-10 04:07:39,XAUUSD-ECNc,0.3,3964.51,-43.8,-0.9,0.0,[sl 3964.59]
48110064,2025-10-10 04:08:58,AUDUSD-ECNc,0.2,0.65505,-10.4,-0.6,0.0,[sl 0.65504]
48110778,2025-10-10 04:09:12,GBPUSD-ECNc,0.2,1.32955,-11.2,-0.6,0.0,[sl 1.32951]
48110806,2025-10-10 04:09:14,GBPUSD-ECNc,0.2,1.32955,-9.8,-0.6,0.0,[sl 1.32956]
48112494,2025-10-10 04:10:19,XAUUSD-ECNc,0.3,3969.15,-50.4,-0.9,0.0,[sl 3968.91]
48119744,2025-10-10 04:12:50,XAUUSD-ECNc,0.3,3960.06,135.3,-0.9,0.0,[tp 3960.49]
48124260,2025-10-10 04:13:37,XAUUSD-ECNc,0.3,3957.04,79.2,-0.9,0.0,[tp 3957.01]
48136038,2025-10-10 04:16:30,XAUUSD-ECNc,0.3,3947.36,199.2,-0.9,0.0,[tp 3950.19]
48142898,2025-10-10 04:17:23,XAUUSD-ECNc,0.3,3952.76,-46.2,-0.9,0.0,[sl 3952.82]
48144659,2025-10-10 04:17:56,NAS100.s,0.3,25008.63,1404.0,0.0,0.0,[tp 25011.42]
48150618,2025-10-10 04:19:26,XAUUSD-ECNc,0.3,3962.71,-31.5,-0.9,0.0,[sl 3962.79]
48161140,2025-10-10 04:23:06,XAUUSD-ECNc,0.3,3967.55,-64.8,-0.9,0.0,[sl 3967.12]
48164164,2025-10-10 04:23:34,XAUUSD-ECNc,0.3,3961.11,117.6,-0.9,0.0,[tp 3961.67]
48172790,2025-10-10 04:25:29,EURUSD-ECNc,0.1,1.15647,-5.2,-0.3,0.0,[sl 1.15645]
48173189,2025-10-10 04:25:34,GBPUSD-ECNc,0.2,1.33,-9.8,-0.6,0.0,[sl 1.33001]
48173312,2025-10-10 04:25:35,XAUUSD-ECNc,0.3,3958.91,-54.3,-0.9,0.0,[sl 3958.76]
48176865,2025-10-10 04:27:57,XAUUSD-ECNc,0.3,3957.96,-59.7,-0.9,0.0,[sl 3957.80]
48180694,2025-10-10 04:29:41,XAUUSD-ECNc,0.3,3960.57,-57.3,-0.9,0.0,[sl 3960.20]
48186615,2025-10-10 04:31:26,XAUUSD-ECNc,0.3,3963.01,-51.3,-0.9,0.0,[sl 3963.09]
48194064,2025-10-10 04:35:24,XAUUSD-ECNc,0.3,3956.84,106.2,-0.9,0.0,[tp 3957.09]
48195332,2025-10-10 04:36:05,XAUUSD-ECNc,0.3,3959.05,-43.8,-0.9,0.0,[sl 3959.16]
48196625,2025-10-10 04:38:37,XAUUSD-ECNc,0.3,3960.59,-47.1,-0.9,0.0,[sl 3960.59]
48198532,2025-10-10 04:39:34,AUDUSD-ECNc,0.2,0.6553,-10.0,-0.6,0.0,[sl 0.65531]
48198602,2025-10-10 04:39:36,GBPUSD-ECNc,0.2,1.33025,-9.6,-0.6,0.0,[sl 1.33027]
48200113,2025-10-10 04:40:04,XAUUSD-ECNc,0.3,3957.58,96.0,-0.9,0.0,[tp 3957.58]
48202198,2025-10-10 04:41:49,EURUSD-ECNc,0.1,1.15593,5.3,-0.3,0.0,[tp 1.15593]
48202624,2025-10-10 04:42:30,XAUUSD-ECNc,0.3,3960.34,-49.5,-0.9,0.0,[sl 3960.29]
48204112,2025-10-10 04:43:47,GBPUSD-ECNc,0.2,1.32963,10.8,-0.6,0.0,[tp 1.32967]
48209717,2025-10-10 04:46:21,XAUUSD-ECNc,0.3,3953.52,99.6,-0.9,0.0,[tp 3953.41]
48210307,2025-10-10 04:46:54,XAUUSD-ECNc,0.3,3954.7,-48.9,-0.9,0.0,[sl 3954.68]
48211085,2025-10-10 04:47:33,GBPUSD-ECNc,0.2,1.32941,10.0,-0.6,0.0,[tp 1.32941]
48211099,2025-10-10 04:47:41,GBPUSD-ECNc,0.2,1.32926,9.8,-0.6,0.0,[tp 1.32926]
48214394,2025-10-10 04:50:26,XAUUSD-ECNc,0.3,3955.7,-59.4,-0.9,0.0,[sl 3955.61]
48214816,2025-10-10 04:50:30,XAUUSD-ECNc,0.3,3955.92,-45.9,-0.9,0.0,[sl 3956.00]
48218762,2025-10-10 04:52:52,XAUUSD-ECNc,0.3,3959.22,-39.0,-0.9,0.0,[sl 3959.55]
48218849,2025-10-10 04:52:56,GBPUSD-ECNc,0.2,1.32993,-10.4,-0.6,0.0,[sl 1.32990]
48219298,2025-10-10 04:53:01,GBPUSD-ECNc,0.2,1.33002,-8.8,-0.6,0.0,[sl 1.33001]
48225484,2025-10-10 04:56:06,XAUUSD-ECNc,0.3,3951.78,108.3,-0.9,0.0,[tp 3952.01]
48228904,2025-10-10 04:56:44,XAUUSD-ECNc,0.3,3948.1,88.8,-0.9,0.0,[tp 3948.12]
48234745,2025-10-10 04:59:26,XAUUSD-ECNc,0.3,3951.34,-51.6,-0.9,0.0,[sl 3951.12]
48236626,2025-10-10 05:01:06,XAUUSD-ECNc,0.3,3953.15,-64.5,-0.9,0.0,[sl 3952.40]
48239467,2025-10-10 05:03:38,XAUUSD-ECNc,0.3,3954.38,-55.2,-0.9,0.0,[sl 3954.22]
48240254,2025-10-10 05:04:20,GBPUSD-ECNc,0.2,1.32943,9.8,-0.6,0.0,[tp 1.32942]
48240991,2025-10-10 05:05:09,XAUUSD-ECNc,0.3,3954.18,-57.3,-0.9,0.0,[sl 3953.96]
48243758,2025-10-10 05:06:45,GBPUSD-ECNc,0.2,1.32939,10.4,-0.6,0.0,[tp 1.32939]
48243974,2025-10-10 05:06:50,XAUUSD-ECNc,0.3,3958.04,-49.2,-0.9,0.0,[sl 3957.89]
48246208,2025-10-10 05:07:39,AUDUSD-ECNc,0.2,0.65473,9.4,-0.6,0.0,[tp 0.65472]
48248944,2025-10-10 05:10:39,XAUUSD-ECNc,0.3,3959.61,-48.9,-0.9,0.0,[sl 3959.60]
48249925,2025-10-10 05:13:16,XAUUSD-ECNc,0.3,3961.74,-72.9,-0.9,0.0,[sl 3961.32]
48255258,2025-10-10 05:15:13,XAUUSD-ECNc,0.3,3963.62,-51.6,-0.9,0.0,[sl 3963.57]
48256753,2025-10-10 05:16:51,XAUUSD-ECNc,0.3,3966.34,-41.7,-0.9,0.0,[sl 3966.39]
48259765,2025-10-10 05:19:48,XAUUSD-ECNc,0.3,3967.94,-41.4,-0.9,0.0,[sl 3968.13]
48259831,2025-10-10 05:19:48,AUDUSD-ECNc,0.2,0.6553,-10.6,-0.6,0.0,[sl 0.65527]
48263278,2025-10-10 05:22:56,XAUUSD-ECNc,0.3,3963.86,93.3,-0.9,0.0,[tp 3963.95]
48264600,2025-10-10 05:23:35,XAUUSD-ECNc,0.3,3962.38,89.4,-0.9,0.0,[tp 3962.28]
48269427,2025-10-10 05:34:40,XAUUSD-ECNc,0.3,3960.06,85.5,-0.9,0.0,[tp 3959.91]
48269713,2025-10-10 05:34:44,XAUUSD-ECNc,0.3,3959.6,90.0,-0.9,0.0,[tp 3959.62]
48270541,2025-10-10 05:36:22,GBPUSD-ECNc,0.2,1.32898,9.4,-0.6,0.0,[tp 1.32894]
48272206,2025-10-10 05:37:25,GBPUSD-ECNc,0.2,1.3288,11.6,-0.6,0.0,[tp 1.32887]
48272998,2025-10-10 05:40:29,XAUUSD-ECNc,0.3,3961.56,-48.9,-0.9,0.0,[sl 3961.53]
48273014,2025-10-10 05:40:30,XAUUSD-ECNc,0.3,3961.49,-42.9,-0.9,0.0,[sl 3961.63]
48274346,2025-10-10 05:43:25,XAUUSD-ECNc,0.3,3958.07,95.4,-0.9,0.0,[tp 3958.36]
48277201,2025-10-10 05:43:48,XAUUSD-ECNc,0.3,3956.11,93.9,-0.9,0.0,[tp 3956.38]
48278369,2025-10-10 05:45:20,XAUUSD-ECNc,0.3,3958.92,-45.6,-0.9,0.0,[sl 3958.88]
48279946,2025-10-10 05:46:49,AUDUSD-ECNc,0.2,0.65471,10.2,-0.6,0.0,[tp 0.65472]
48280154,2025-10-10 05:47:33,EURUSD-ECNc,0.1,1.15527,5.0,-0.3,0.0,[tp 1.15527]
48280280,2025-10-10 05:48:17,GBPUSD-ECNc,0.2,1.32845,11.2,-0.6,0.0,[tp 1.32851]
48280345,2025-10-10 05:48:34,AUDUSD-ECNc,0.2,0.6546,9.8,-0.6,0.0,[tp 0.65459]
48280554,2025-10-10 05:49:03,XAUUSD-ECNc,0.3,3958.58,85.5,-0.9,0.0,[tp 3958.51]
48280836,2025-10-10 05:49:53,GBPUSD-ECNc,0.2,1.32831,9.8,-0.6,0.0,[tp 1.32830]
48281212,2025-10-10 05:50:50,XAUUSD-ECNc,0.3,3959.81,-46.8,-0.9,0.0,[sl 3959.81]
48281367,2025-10-10 05:51:26,EURUSD-ECNc,0.1,1.15478,4.9,-0.3,0.0,[tp 1.15477]
48281368,2025-10-10 05:51:26,AUDUSD-ECNc,0.2,0.65414,10.6,-0.6,0.0,[tp 0.65417]
48281544,2025-10-10 05:52:03,AUDUSD-ECNc,0.2,0.65408,10.0,-0.6,0.0,[tp 0.65408]
48284747,2025-10-10 06:01:00,AUDUSD-ECNc,0.2,0.6546,-10.8,-0.6,0.0,[sl 0.65459]
48285430,2025-10-10 06:01:56,XAUUSD-ECNc,0.3,3955.95,86.1,-0.9,0.0,[tp 3956.06]
48286929,2025-10-10 06:03:17,XAUUSD-ECNc,0.3,3958.75,-42.3,-0.9,0.0,[sl 3958.59]
48287401,2025-10-10 06:03:59,XAUUSD-ECNc,0.3,3959.2,-42.6,-0.9,0.0,[sl 3959.15]
48287810,2025-10-10 06:04:46,XAUUSD-ECNc,0.3,3960.18,-45.0,-0.9,0.0,[sl 3960.14]
48291341,2025-10-10 06:09:05,XAUUSD-ECNc,0.3,3963.61,-43.5,-0.9,0.0,[sl 3963.60]
48292709,2025-10-10 06:09:24,XAUUSD-ECNc,0.3,3964.38,-46.8,-0.9,0.0,[sl 3964.37]
48294410,2025-10-10 06:10:04,EURUSD-ECNc,0.1,1.15519,-4.9,-0.3,0.0,[sl 1.15520]
48295387,2025-10-10 06:11:41,XAUUSD-ECNc,0.3,3967.05,-43.5,-0.9,0.0,[sl 3966.99]
48295973,2025-10-10 06:12:20,AUDUSD-ECNc,0.2,0.65467,-10.0,-0.6,0.0,[sl 0.65467]
48296317,2025-10-10 06:13:20,XAUUSD-ECNc,0.3,3967.98,-46.5,-0.9,0.0,[sl 3967.89]
48311533,2025-10-10 06:20:51,GBPUSD-ECNc,0.2,1.32867,-10.0,-0.6,0.0,[sl 1.32867]
48313262,2025-10-10 06:23:26,GBPUSD-ECNc,0.2,1.32888,-9.4,-0.6,0.0,[sl 1.32890]
48317867,2025-10-10 06:28:46,GBPUSD-ECNc,0.2,1.3291,-10.2,-0.6,0.0,[sl 1.32910]
48323222,2025-10-10 06:33:42,AUDUSD-ECNc,0.2,0.65497,-10.2,-0.6,0.0,[sl 0.65496]
48323362,2025-10-10 06:34:32,EURUSD-ECNc,0.1,1.15567,-5.3,-0.3,0.0,[sl 1.15565]
48323473,2025-10-10 06:35:01,GBPUSD-ECNc,0.2,1.3293,-10.2,-0.6,0.0,[sl 1.32929]
48325914,2025-10-10 06:39:39,GBPUSD-ECNc,0.2,1.3296,-10.0,-0.6,0.0,[sl 1.32960]
48326239,2025-10-10 06:40:02,AUDUSD-ECNc,0.2,0.65516,-9.8,-0.6,0.0,[sl 0.65517]
48326290,2025-10-10 06:40:15,EURUSD-ECNc,0.1,1.15614,-5.0,-0.3,0.0,[sl 1.15614]
48339746,2025-10-10 07:01:05,GBPUSD-ECNc,0.2,1.32991,-10.2,-0.6,0.0,[sl 1.32991]
48341832,2025-10-10 07:05:49,GBPUSD-ECNc,0.2,1.33011,-10.4,-0.6,0.0,[sl 1.33009]
48341839,2025-10-10 07:05:59,EURUSD-ECNc,0.1,1.15647,-5.2,-0.3,0.0,[sl 1.15646]
48343710,2025-10-10 07:10:05,AUDUSD-ECNc,0.2,0.65544,-10.4,-0.6,0.0,[sl 0.65543]
48347368,2025-10-10 07:26:26,AUDUSD-ECNc,0.2,0.65557,-10.0,-0.6,0.0,[sl 0.65557]
48347614,2025-10-10 07:31:52,GBPUSD-ECNc,0.2,1.33041,-10.0,-0.6,0.0,[sl 1.33041]
48347615,2025-10-10 07:31:53,GBPUSD-ECNc,0.2,1.33042,-10.0,-0.6,0.0,[sl 1.33042]
48382949,2025-10-10 09:12:50,XAUUSD-ECNc,0.3,3962.31,-27.6,-0.9,0.0,[sl 3962.40]
48393992,2025-10-10 09:14:59,XAUUSD-ECNc,0.3,3968.67,-30.6,-0.9,0.0,[sl 3968.63]
48734753,2025-10-10 12:40:07,XAUUSD-ECNc,0.3,3973.04,-21.3,-0.9,0.0,[sl 3973.02]
48946132,2025-10-10 14:26:34,XAUUSD-ECNc,0.3,3967.95,51.3,-0.9,0.0,[tp 3968.28]
48955858,2025-10-10 14:27:05,XAUUSD-ECNc,0.3,3962.38,47.4,-0.9,0.0,[tp 3962.67]
48969855,2025-10-10 14:29:20,XAUUSD-ECNc,0.3,3969.89,-24.3,-0.9,0.0,[sl 3969.81]
48989919,2025-10-10 14:38:06,XAUUSD-ECNc,0.3,3970.77,-21.0,-0.9,0.0,[sl 3970.72]
48996903,2025-10-10 14:40:44,XAUUSD-ECNc,0.3,3967.99,45.6,-0.9,0.0,[tp 3968.05]
49003450,2025-10-10 14:43:18,XAUUSD-ECNc,0.3,3968.11,-35.4,-0.9,0.0,[sl 3967.60]
49009622,2025-10-10 14:44:46,XAUUSD-ECNc,0.3,3963.96,40.5,-0.9,0.0,[tp 3963.96]
49015097,2025-10-10 14:46:10,XAUUSD-ECNc,0.3,3963.51,48.6,-0.9,0.0,[tp 3963.59]
49023373,2025-10-10 14:48:24,XAUUSD-ECNc,0.3,3963.82,48.9,-0.9,0.0,[tp 3963.88]
49024491,2025-10-10 14:51:09,XAUUSD-ECNc,0.3,3965.05,-24.6,-0.9,0.0,[sl 3964.95]
49028484,2025-10-10 14:55:16,XAUUSD-ECNc,0.3,3964.19,48.3,-0.9,0.0,[tp 3964.23]
49028762,2025-10-10 14:56:07,XAUUSD-ECNc,0.3,3965.7,-25.8,-0.9,0.0,[sl 3965.63]
49032499,2025-10-10 14:58:28,XAUUSD-ECNc,0.3,3965.24,47.1,-0.9,0.0,[tp 3965.31]
49037681,2025-10-10 14:59:39,XAUUSD-ECNc,0.3,3962.13,48.3,-0.9,0.0,[tp 3962.15]
49040799,2025-10-10 15:01:17,XAUUSD-ECNc,0.3,3962.38,-22.8,-0.9,0.0,[sl 3962.09]
49044031,2025-10-10 15:04:54,XAUUSD-ECNc,0.3,3962.76,49.2,-0.9,0.0,[tp 3962.83]
49048225,2025-10-10 15:05:43,XAUUSD-ECNc,0.3,3960.55,46.2,-0.9,0.0,[tp 3960.54]
49056191,2025-10-10 15:07:27,XAUUSD-ECNc,0.3,3957.35,65.7,-0.9,0.0,[tp 3957.99]
49061558,2025-10-10 15:09:20,XAUUSD-ECNc,0.3,3955.33,60.3,-0.9,0.0,[tp 3955.56]
49073165,2025-10-10 15:12:53,XAUUSD-ECNc,0.3,3954.05,50.7,-0.9,0.0,[tp 3954.06]
49075767,2025-10-10 15:13:25,XAUUSD-ECNc,0.3,3952.75,51.9,-0.9,0.0,[tp 3952.80]
49089027,2025-10-10 15:15:17,XAUUSD-ECNc,0.3,3950.59,-36.0,-0.9,0.0,[sl 3950.28]
49099413,2025-10-10 15:17:58,XAUUSD-ECNc,0.3,3954.71,-29.7,-0.9,0.0,[sl 3954.61]
49104807,2025-10-10 15:21:13,XAUUSD-ECNc,0.3,3956.85,-29.7,-0.9,0.0,[sl 3956.83]
49105235,2025-10-10 15:21:15,XAUUSD-ECNc,0.3,3957.07,-12.6,-0.9,0.0,[sl 3957.02]
49109513,2025-10-10 15:24:46,XAUUSD-ECNc,0.3,3955.46,57.6,-0.9,0.0,[tp 3955.57]
49109855,2025-10-10 15:25:35,XAUUSD-ECNc,0.3,3957.25,-44.1,-0.9,0.0,[sl 3956.90]
49111204,2025-10-10 15:27:46,XAUUSD-ECNc,0.3,3957.97,-27.9,-0.9,0.0,[sl 3957.96]
49118317,2025-10-10 15:30:55,XAUUSD-ECNc,0.3,3959.52,-21.9,-0.9,0.0,[sl 3959.59]
49121139,2025-10-10 15:32:47,XAUUSD-ECNc,0.3,3960.15,-22.5,-0.9,0.0,[sl 3960.15]
49130400,2025-10-10 15:38:05,XAUUSD-ECNc,0.3,3961.03,-27.6,-0.9,0.0,[sl 3960.96]
49130614,2025-10-10 15:38:19,XAUUSD-ECNc,0.3,3961.4,-31.8,-0.9,0.0,[sl 3961.32]
49131799,2025-10-10 15:38:28,XAUUSD-ECNc,0.3,3961.76,-24.9,-0.9,0.0,[sl 3961.79]
SUMMARY-2025-10-09,2025-10-09 23:59:59,SUMMARY,,,,-299.00,-50.55,0.00,"trades=131, win%=43.5, avgWin=12.36, avgLoss=-12.88, exp=-1.90"
